{"age": [-9.0, 87.0], "bmi": [13.674999999999994, 47.31500000000001], "children": [-3.0, 5.0], "charges": [-13120.716174999998, 34524.777625], "sex_n": [-1.5, 2.5], "smoker_n": [1.0, 1.0], "region_n": [-0.5, 3.5]}